Now,Method,Try,Time
Start at October 18 2018 04:21:46.,,,
October 18 2018 04:21:46,wall.get,1,0.3350050449371338
October 18 2018 04:21:46,wall.get,1,0.11968111991882324
October 18 2018 04:21:46,photos.getAlbums,1,0.03396296501159668
October 18 2018 04:21:46,photos.getAlbums,1,0.03405189514160156
October 18 2018 04:21:46,friends.getMutual,1,0.04691672325134277
October 18 2018 04:21:46,friends.get,1,0.04088878631591797
October 18 2018 04:21:46,friends.get,1,0.036900997161865234
October 18 2018 04:21:47,friends.get,1,0.037946224212646484
October 18 2018 04:21:47,friends.get,1,0.03786206245422363
October 18 2018 04:21:48,friends.getMutual,62,1.8120768070220947
October 18 2018 04:21:49,wall.get,1,0.13167309761047363
October 18 2018 04:21:49,wall.get,1,0.12968754768371582
October 18 2018 04:21:49,wall.get,1,0.11970376968383789
October 18 2018 04:21:49,wall.get,1,0.12064599990844727
October 18 2018 04:21:49,users.get,1,0.03193187713623047
October 18 2018 04:21:49,photos.getAlbums,1,0.0329127311706543
October 18 2018 04:21:49,friends.get,1,0.03191566467285156
October 18 2018 04:21:49,friends.getMutual,1,0.0359044075012207
October 18 2018 04:21:52,wall.get,76,2.3742077350616455
October 18 2018 04:21:52,friends.get,1,0.03827214241027832
October 18 2018 04:21:52,friends.get,1,0.040923118591308594
October 18 2018 04:21:52,friends.get,1,0.04188704490661621
October 18 2018 04:21:52,friends.getMutual,1,0.03489327430725098
October 18 2018 04:21:52,users.get,1,0.039842844009399414
October 18 2018 04:21:52,friends.get,1,0.03391432762145996
October 18 2018 04:21:52,users.get,1,0.03390955924987793
October 18 2018 04:21:52,photos.getAlbums,1,0.03393697738647461
October 18 2018 04:21:55,wall.get,65,3.168159008026123
October 18 2018 04:21:55,friends.get,1,0.03590583801269531
October 18 2018 04:21:55,wall.get,1,0.11365818977355957
October 18 2018 04:21:55,photos.getAlbums,1,0.03789043426513672
October 18 2018 04:21:55,friends.getMutual,1,0.03889966011047363
October 18 2018 04:21:55,friends.get,1,0.03793025016784668
October 18 2018 04:21:55,photos.getAlbums,1,0.03188586235046387
October 18 2018 04:21:55,photos.getAlbums,1,0.02991938591003418
October 18 2018 04:21:56,photos.getAlbums,1,0.03762960433959961
October 18 2018 04:21:57,users.get,61,1.8736610412597656
October 18 2018 04:21:57,friends.get,1,0.03592705726623535
October 18 2018 04:21:58,friends.getMutual,1,0.03888297080993652
October 18 2018 04:21:58,friends.getMutual,1,0.04486346244812012
October 18 2018 04:21:58,users.get,1,0.10275769233703613
October 18 2018 04:21:58,friends.get,1,0.0329132080078125
October 18 2018 04:21:58,friends.get,1,0.03594613075256348
October 18 2018 04:21:58,friends.get,1,0.03792428970336914
October 18 2018 04:21:58,friends.getMutual,1,0.0408780574798584
October 18 2018 04:22:00,users.get,85,2.532787799835205
October 18 2018 04:22:00,friends.getMutual,1,0.042885541915893555
October 18 2018 04:22:01,photos.getAlbums,1,0.03789925575256348
October 18 2018 04:22:01,photos.getAlbums,1,0.042911529541015625
October 18 2018 04:22:01,photos.getAlbums,1,0.03590250015258789
October 18 2018 04:22:01,photos.getAlbums,1,0.03389906883239746
October 18 2018 04:22:01,wall.get,1,0.13728952407836914
October 18 2018 04:22:01,wall.get,1,0.11469364166259766
October 18 2018 04:22:01,friends.get,1,0.0348811149597168
October 18 2018 04:22:03,photos.getAlbums,83,2.422919750213623
October 18 2018 04:22:03,friends.getMutual,1,0.035893917083740234
October 18 2018 04:22:04,photos.getAlbums,1,0.03789806365966797
October 18 2018 04:22:04,wall.get,1,0.1354362964630127
October 18 2018 04:22:04,friends.getMutual,1,0.03890371322631836
October 18 2018 04:22:04,friends.get,1,0.038895368576049805
October 18 2018 04:22:04,wall.get,1,0.12965750694274902
October 18 2018 04:22:04,users.get,1,0.03291511535644531
October 18 2018 04:22:04,friends.getMutual,1,0.03795599937438965
October 18 2018 04:22:06,friends.get,80,2.429983139038086
October 18 2018 04:22:06,users.get,1,0.031884193420410156
October 18 2018 04:22:07,friends.getMutual,1,0.0329134464263916
October 18 2018 04:22:07,users.get,1,0.03393054008483887
October 18 2018 04:22:07,wall.get,1,0.12865710258483887
October 18 2018 04:22:07,friends.get,1,0.035903215408325195
October 18 2018 04:22:07,photos.getAlbums,1,0.031883955001831055
October 18 2018 04:22:07,wall.get,1,0.12074089050292969
October 18 2018 04:22:07,photos.getAlbums,1,0.03690958023071289
October 18 2018 04:22:09,users.get,80,2.4342358112335205
October 18 2018 04:22:10,wall.get,1,0.1326761245727539
October 18 2018 04:22:10,friends.get,1,0.035924673080444336
October 18 2018 04:22:10,wall.get,1,0.126784086227417
October 18 2018 04:22:10,users.get,1,0.03590989112854004
October 18 2018 04:22:10,photos.getAlbums,1,0.03889584541320801
October 18 2018 04:22:10,users.get,1,0.036913394927978516
October 18 2018 04:22:10,wall.get,1,0.12244772911071777
October 18 2018 04:22:10,users.get,1,0.03690218925476074
October 18 2018 04:22:12,users.get,68,2.3317010402679443
October 18 2018 04:22:12,users.get,1,0.032907962799072266
October 18 2018 04:22:13,friends.getMutual,1,0.030917644500732422
October 18 2018 04:22:13,friends.getMutual,1,0.03389739990234375
October 18 2018 04:22:13,wall.get,1,0.17852139472961426
October 18 2018 04:22:13,wall.get,1,0.1575634479522705
October 18 2018 04:22:13,photos.getAlbums,1,0.03390336036682129
October 18 2018 04:22:13,users.get,1,0.03290128707885742
October 18 2018 04:22:13,friends.getMutual,1,0.035932302474975586
October 18 2018 04:22:16,wall.get,79,2.4672930240631104
October 18 2018 04:22:16,users.get,1,0.030916929244995117
October 18 2018 04:22:16,users.get,1,0.03390812873840332
October 18 2018 04:22:16,users.get,1,0.02994060516357422
October 18 2018 04:22:16,friends.getMutual,1,0.035909175872802734
October 18 2018 04:22:16,friends.get,1,0.0329434871673584
October 18 2018 04:22:16,users.get,1,0.034914493560791016
October 18 2018 04:22:16,friends.getMutual,1,0.030914783477783203
October 18 2018 04:22:16,users.get,1,0.032935380935668945
October 18 2018 04:22:18,friends.get,87,2.5414726734161377
October 18 2018 04:22:18,friends.getMutual,1,0.035462379455566406
October 18 2018 04:22:19,friends.get,1,0.034934282302856445
October 18 2018 04:22:19,photos.getAlbums,1,0.03490495681762695
October 18 2018 04:22:19,photos.getAlbums,1,0.03992033004760742
October 18 2018 04:22:19,users.get,1,0.03495383262634277
October 18 2018 04:22:19,friends.getMutual,1,0.03395342826843262
October 18 2018 04:22:19,users.get,1,0.03288125991821289
October 18 2018 04:22:19,wall.get,1,0.12567973136901855
October 18 2018 04:22:21,friends.get,84,2.50228214263916
October 18 2018 04:22:21,photos.getAlbums,1,0.03490257263183594
October 18 2018 04:22:22,friends.getMutual,1,0.03693699836730957
October 18 2018 04:22:22,wall.get,1,0.15926384925842285
October 18 2018 04:22:22,friends.getMutual,1,0.04092288017272949
October 18 2018 04:22:22,friends.getMutual,1,0.040921688079833984
October 18 2018 04:22:22,wall.get,1,0.10574841499328613
October 18 2018 04:22:22,photos.getAlbums,1,0.03389906883239746
October 18 2018 04:22:22,friends.get,1,0.037914276123046875
October 18 2018 04:22:24,photos.getAlbums,86,2.503976583480835
October 18 2018 04:22:25,friends.get,1,0.03489995002746582
October 18 2018 04:22:25,wall.get,1,0.12765789031982422
October 18 2018 04:22:25,photos.getAlbums,1,0.03391528129577637
October 18 2018 04:22:25,users.get,1,0.03490710258483887
October 18 2018 04:22:25,users.get,1,0.03690457344055176
October 18 2018 04:22:25,users.get,1,0.03489375114440918
October 18 2018 04:22:25,friends.getMutual,1,0.03892064094543457
October 18 2018 04:22:25,users.get,1,0.0339357852935791
October 18 2018 04:22:28,wall.get,85,2.538846731185913
October 18 2018 04:22:28,photos.getAlbums,1,0.05684804916381836
October 18 2018 04:22:28,users.get,1,0.03194427490234375
October 18 2018 04:22:28,wall.get,1,0.12169718742370605
October 18 2018 04:22:28,friends.get,1,0.03687286376953125
October 18 2018 04:22:28,users.get,1,0.0329434871673584
October 18 2018 04:22:28,photos.getAlbums,1,0.035889387130737305
October 18 2018 04:22:28,friends.get,1,0.1117246150970459
October 18 2018 04:22:28,friends.get,1,0.0359344482421875
October 18 2018 04:22:30,friends.getMutual,81,2.3535141944885254
October 18 2018 04:22:30,photos.getAlbums,1,0.038872718811035156
October 18 2018 04:22:31,photos.getAlbums,1,0.03391003608703613
October 18 2018 04:22:31,friends.getMutual,1,0.03785586357116699
October 18 2018 04:22:31,users.get,1,0.03492879867553711
October 18 2018 04:22:31,wall.get,1,0.13761210441589355
October 18 2018 04:22:31,users.get,1,0.0338900089263916
October 18 2018 04:22:31,users.get,1,0.0360560417175293
October 18 2018 04:22:31,wall.get,1,0.12566566467285156
October 18 2018 04:22:34,wall.get,81,2.5410728454589844
October 18 2018 04:22:34,friends.get,1,0.035872459411621094
October 18 2018 04:22:34,wall.get,1,0.12766003608703613
October 18 2018 04:22:34,photos.getAlbums,1,0.03392314910888672
October 18 2018 04:22:34,users.get,1,0.032912254333496094
October 18 2018 04:22:34,friends.getMutual,1,0.035924673080444336
October 18 2018 04:22:34,friends.getMutual,1,0.03691864013671875
October 18 2018 04:22:34,wall.get,1,0.1097116470336914
October 18 2018 04:22:34,users.get,1,0.03390932083129883
October 18 2018 04:22:36,photos.getAlbums,80,2.3582167625427246
October 18 2018 04:22:37,wall.get,1,0.12370014190673828
October 18 2018 04:22:37,users.get,1,0.03493332862854004
October 18 2018 04:22:37,friends.getMutual,1,0.04093742370605469
October 18 2018 04:22:37,friends.get,1,0.036902666091918945
October 18 2018 04:22:37,wall.get,1,0.11470746994018555
October 18 2018 04:22:37,friends.getMutual,1,0.035903215408325195
October 18 2018 04:22:37,photos.getAlbums,1,0.03490805625915527
October 18 2018 04:22:37,friends.get,1,0.03487896919250488
October 18 2018 04:22:40,wall.get,80,2.547731876373291
October 18 2018 04:22:40,friends.get,1,0.029951810836791992
October 18 2018 04:22:40,photos.getAlbums,1,0.03488278388977051
October 18 2018 04:22:40,friends.get,1,0.03892111778259277
October 18 2018 04:22:40,friends.getMutual,1,0.0328826904296875
October 18 2018 04:22:40,users.get,1,0.02992081642150879
October 18 2018 04:22:40,friends.getMutual,1,0.030977487564086914
October 18 2018 04:22:40,wall.get,1,0.14216279983520508
October 18 2018 04:22:40,friends.get,1,0.03194856643676758
October 18 2018 04:22:42,friends.get,81,2.4486958980560303
October 18 2018 04:22:42,friends.get,1,0.03590893745422363
October 18 2018 04:22:43,friends.get,1,0.04089236259460449
October 18 2018 04:22:43,photos.getAlbums,1,0.03793001174926758
October 18 2018 04:22:43,friends.getMutual,1,0.036894798278808594
October 18 2018 04:22:43,users.get,1,0.03394174575805664
October 18 2018 04:22:43,friends.getMutual,1,0.0359034538269043
October 18 2018 04:22:43,wall.get,1,0.1326460838317871
October 18 2018 04:22:43,photos.getAlbums,1,0.03193855285644531
October 18 2018 04:22:45,friends.getMutual,84,2.515430450439453
October 18 2018 04:22:45,photos.getAlbums,1,0.036895036697387695
October 18 2018 04:22:46,photos.getAlbums,1,0.033910274505615234
October 18 2018 04:22:46,wall.get,1,0.12867498397827148
October 18 2018 04:22:46,friends.getMutual,1,0.04187464714050293
October 18 2018 04:22:46,photos.getAlbums,1,0.051888227462768555
October 18 2018 04:22:46,friends.getMutual,1,0.03889656066894531
October 18 2018 04:22:46,users.get,1,0.038865089416503906
October 18 2018 04:22:46,users.get,1,0.038896799087524414
October 18 2018 04:22:58,wall.get,64,12.000741481781006
October 18 2018 04:22:58,friends.getMutual,1,0.03297543525695801
October 18 2018 04:22:58,friends.get,1,0.0329129695892334
October 18 2018 04:22:58,wall.get,1,0.132612943649292
October 18 2018 04:22:58,friends.get,1,0.03492140769958496
October 18 2018 04:22:58,photos.getAlbums,1,0.03989219665527344
October 18 2018 04:22:58,users.get,1,0.03690457344055176
October 18 2018 04:22:58,friends.get,1,0.03593707084655762
October 18 2018 04:22:58,wall.get,1,0.15040349960327148
October 18 2018 04:23:00,friends.getMutual,57,1.9026875495910645
October 18 2018 04:23:00,friends.get,1,0.03194141387939453
October 18 2018 04:23:00,friends.getMutual,1,0.03590273857116699
October 18 2018 04:23:01,friends.getMutual,1,0.0468745231628418
October 18 2018 04:23:01,friends.getMutual,1,0.04187440872192383
October 18 2018 04:23:01,friends.get,1,0.03787088394165039
October 18 2018 04:23:01,friends.get,1,0.03391075134277344
October 18 2018 04:23:01,friends.getMutual,1,0.03686833381652832
October 18 2018 04:23:01,friends.get,1,0.04486870765686035
October 18 2018 04:23:03,users.get,86,2.605950117111206
October 18 2018 04:23:03,friends.getMutual,1,0.03490567207336426
October 18 2018 04:23:04,users.get,1,0.032006263732910156
October 18 2018 04:23:04,users.get,1,0.033899784088134766
October 18 2018 04:23:04,users.get,1,0.03390049934387207
October 18 2018 04:23:04,users.get,1,0.03591775894165039
October 18 2018 04:23:04,users.get,1,0.03091740608215332
October 18 2018 04:23:04,photos.getAlbums,1,0.03992509841918945
October 18 2018 04:23:04,wall.get,1,0.1426253318786621
October 18 2018 04:23:15,photos.getAlbums,33,11.034056425094604
October 18 2018 04:23:15,friends.get,1,0.037899017333984375
October 18 2018 04:23:15,friends.get,1,0.03100419044494629
October 18 2018 04:23:15,friends.get,1,0.035904645919799805
October 18 2018 04:23:15,friends.get,1,0.03692364692687988
October 18 2018 04:23:15,users.get,1,0.038331031799316406
October 18 2018 04:23:15,wall.get,1,0.14161920547485352
October 18 2018 04:23:15,friends.get,1,0.03485822677612305
October 18 2018 04:23:15,wall.get,1,0.11169958114624023
October 18 2018 04:23:17,users.get,46,1.927236557006836
October 18 2018 04:23:18,photos.getAlbums,1,0.12071084976196289
October 18 2018 04:23:18,users.get,1,0.045876502990722656
October 18 2018 04:23:18,wall.get,1,0.14758038520812988
October 18 2018 04:23:18,friends.get,1,0.03992962837219238
October 18 2018 04:23:18,wall.get,1,0.16552305221557617
October 18 2018 04:23:18,wall.get,1,0.1684277057647705
October 18 2018 04:23:18,wall.get,1,0.17751860618591309
October 18 2018 04:23:18,users.get,1,0.06280136108398438
October 18 2018 04:23:21,wall.get,63,2.102343797683716
October 18 2018 04:23:21,users.get,1,0.038854360580444336
October 18 2018 04:23:21,wall.get,1,0.1436152458190918
October 18 2018 04:23:21,photos.getAlbums,1,0.03393268585205078
October 18 2018 04:23:21,friends.get,1,0.03290963172912598
October 18 2018 04:23:21,wall.get,1,0.13563847541809082
October 18 2018 04:23:21,photos.getAlbums,1,0.043882131576538086
October 18 2018 04:23:21,users.get,1,0.040808916091918945
October 18 2018 04:23:21,friends.get,1,0.03889632225036621
October 18 2018 04:23:33,friends.getMutual,67,12.063165664672852
October 18 2018 04:23:33,friends.get,1,0.03390836715698242
October 18 2018 04:23:33,friends.getMutual,1,0.03488588333129883
October 18 2018 04:23:33,wall.get,1,0.15723156929016113
October 18 2018 04:23:34,friends.get,1,0.040880680084228516
October 18 2018 04:23:34,friends.get,1,0.037897586822509766
October 18 2018 04:23:34,friends.getMutual,1,0.037901878356933594
October 18 2018 04:23:34,friends.get,1,0.0349271297454834
October 18 2018 04:23:34,friends.getMutual,1,0.048892974853515625
October 18 2018 04:23:36,wall.get,59,1.7808363437652588
October 18 2018 04:23:36,friends.getMutual,1,0.04089093208312988
October 18 2018 04:23:36,users.get,1,0.03690338134765625
October 18 2018 04:23:36,wall.get,1,0.1216731071472168
October 18 2018 04:23:36,friends.get,1,0.040923357009887695
October 18 2018 04:23:36,users.get,1,0.0369265079498291
October 18 2018 04:23:36,wall.get,1,0.11876440048217773
October 18 2018 04:23:36,photos.getAlbums,1,0.03892850875854492
October 18 2018 04:23:36,users.get,1,0.03670549392700195
October 18 2018 04:23:38,users.get,80,2.355987548828125
October 18 2018 04:23:38,users.get,1,0.04089713096618652
October 18 2018 04:23:39,wall.get,1,0.1376650333404541
October 18 2018 04:23:39,photos.getAlbums,1,0.033907413482666016
October 18 2018 04:23:39,friends.get,1,0.029952049255371094
October 18 2018 04:23:39,wall.get,1,0.11568999290466309
October 18 2018 04:23:39,wall.get,1,0.11469459533691406
October 18 2018 04:23:39,friends.get,1,0.030949831008911133
October 18 2018 04:23:39,photos.getAlbums,1,0.028910398483276367
October 18 2018 04:23:41,friends.get,80,2.3494951725006104
October 18 2018 04:23:41,friends.getMutual,1,0.036901235580444336
October 18 2018 04:23:42,friends.get,1,0.03594088554382324
October 18 2018 04:23:42,users.get,1,0.03590273857116699
October 18 2018 04:23:42,friends.get,1,0.0349116325378418
October 18 2018 04:23:42,friends.getMutual,1,0.037892818450927734
October 18 2018 04:23:42,photos.getAlbums,1,0.03391861915588379
October 18 2018 04:23:42,photos.getAlbums,1,0.029944896697998047
October 18 2018 04:23:42,wall.get,1,0.12967634201049805
October 18 2018 04:23:44,friends.getMutual,84,2.528871774673462
October 18 2018 04:23:44,photos.getAlbums,1,0.034895896911621094
October 18 2018 04:23:45,users.get,1,0.03194546699523926
October 18 2018 04:23:45,users.get,1,0.040914297103881836
October 18 2018 04:23:45,photos.getAlbums,1,0.036899566650390625
October 18 2018 04:23:45,photos.getAlbums,1,0.03690290451049805
October 18 2018 04:23:45,friends.getMutual,1,0.03493976593017578
October 18 2018 04:23:45,friends.getMutual,1,0.06881332397460938
October 18 2018 04:23:45,friends.get,1,0.03792858123779297
October 18 2018 04:23:48,wall.get,80,2.731400489807129
October 18 2018 04:23:48,users.get,1,0.0329132080078125
October 18 2018 04:23:48,friends.getMutual,1,0.036924123764038086
October 18 2018 04:23:48,friends.get,1,0.03190279006958008
October 18 2018 04:23:48,friends.getMutual,1,0.02994847297668457
October 18 2018 04:23:48,friends.getMutual,1,0.03490614891052246
October 18 2018 04:23:48,wall.get,1,0.11467385292053223
October 18 2018 04:23:48,photos.getAlbums,1,0.03094625473022461
October 18 2018 04:23:48,friends.get,1,0.03690028190612793
October 18 2018 04:23:51,wall.get,82,2.5362277030944824
October 18 2018 04:23:51,friends.get,1,0.04088926315307617
October 18 2018 04:23:51,wall.get,1,0.11969614028930664
October 18 2018 04:23:51,wall.get,1,0.12164998054504395
October 18 2018 04:23:51,wall.get,1,0.1566009521484375
October 18 2018 04:23:51,users.get,1,0.0388948917388916
October 18 2018 04:23:51,users.get,1,0.03496217727661133
October 18 2018 04:23:51,photos.getAlbums,1,0.03494691848754883
October 18 2018 04:23:51,wall.get,1,0.1256868839263916
October 18 2018 04:23:53,users.get,72,2.138165235519409
October 18 2018 04:23:54,wall.get,1,0.13361215591430664
October 18 2018 04:23:54,users.get,1,0.03494143486022949
October 18 2018 04:23:54,photos.getAlbums,1,0.03589487075805664
October 18 2018 04:23:54,users.get,1,0.03989291191101074
October 18 2018 04:23:54,friends.getMutual,1,0.039895057678222656
October 18 2018 04:23:54,friends.get,1,0.04585838317871094
October 18 2018 04:23:54,friends.get,1,0.10471987724304199
October 18 2018 04:23:54,photos.getAlbums,1,0.04088997840881348
October 18 2018 04:23:57,wall.get,85,2.5242502689361572
October 18 2018 04:23:57,friends.getMutual,1,0.03889775276184082
October 18 2018 04:23:57,wall.get,1,0.12368273735046387
October 18 2018 04:23:57,friends.get,1,0.04388308525085449
October 18 2018 04:23:57,users.get,1,0.037866830825805664
October 18 2018 04:23:57,users.get,1,0.07081294059753418
October 18 2018 04:23:57,friends.getMutual,1,0.04306387901306152
October 18 2018 04:23:57,photos.getAlbums,1,0.033910274505615234
October 18 2018 04:23:57,users.get,1,0.03490638732910156
October 18 2018 04:23:59,users.get,78,2.3807036876678467
October 18 2018 04:24:00,wall.get,1,0.13763213157653809
October 18 2018 04:24:00,photos.getAlbums,1,0.03191518783569336
October 18 2018 04:24:00,users.get,1,0.03789877891540527
October 18 2018 04:24:00,wall.get,1,0.126662015914917
October 18 2018 04:24:00,friends.get,1,0.03293633460998535
October 18 2018 04:24:00,friends.getMutual,1,0.035904884338378906
October 18 2018 04:24:00,friends.get,1,0.033219099044799805
October 18 2018 04:24:00,users.get,1,0.03789782524108887
October 18 2018 04:24:02,users.get,79,2.42659854888916
October 18 2018 04:24:02,users.get,1,0.03490614891052246
October 18 2018 04:24:03,wall.get,1,0.14960026741027832
October 18 2018 04:24:03,users.get,1,0.042919158935546875
October 18 2018 04:24:03,photos.getAlbums,1,0.05084943771362305
October 18 2018 04:24:03,photos.getAlbums,1,0.03789973258972168
October 18 2018 04:24:03,friends.getMutual,1,0.03986215591430664
October 18 2018 04:24:03,photos.getAlbums,1,0.036900997161865234
October 18 2018 04:24:03,wall.get,1,0.13965773582458496
October 18 2018 04:24:05,friends.getMutual,78,2.3730695247650146
October 18 2018 04:24:06,wall.get,1,0.15358901023864746
October 18 2018 04:24:06,friends.get,1,0.03391575813293457
October 18 2018 04:24:06,users.get,1,0.030941009521484375
October 18 2018 04:24:06,friends.get,1,0.04590797424316406
October 18 2018 04:24:06,friends.get,1,0.034923553466796875
October 18 2018 04:24:06,photos.getAlbums,1,0.03191494941711426
October 18 2018 04:24:06,photos.getAlbums,1,0.04487919807434082
October 18 2018 04:24:06,friends.getMutual,1,0.04587984085083008
October 18 2018 04:24:08,friends.get,81,2.4970204830169678
October 18 2018 04:24:08,users.get,1,0.03689384460449219
October 18 2018 04:24:09,wall.get,1,0.1266634464263916
October 18 2018 04:24:09,friends.get,1,0.037892818450927734
October 18 2018 04:24:09,users.get,1,0.03590679168701172
October 18 2018 04:24:09,wall.get,1,0.12363934516906738
October 18 2018 04:24:09,users.get,1,0.0359041690826416
October 18 2018 04:24:09,photos.getAlbums,1,0.02992105484008789
October 18 2018 04:24:09,users.get,1,0.0329437255859375
October 18 2018 04:24:12,wall.get,64,2.532484292984009
October 18 2018 04:24:12,users.get,1,0.030949115753173828
October 18 2018 04:24:12,wall.get,1,0.11192107200622559
October 18 2018 04:24:12,wall.get,1,0.13364315032958984
October 18 2018 04:24:12,friends.getMutual,1,0.033907413482666016
October 18 2018 04:24:12,users.get,1,0.031987905502319336
October 18 2018 04:24:12,wall.get,1,0.12167549133300781
October 18 2018 04:24:12,friends.getMutual,1,0.03188467025756836
October 18 2018 04:24:12,photos.getAlbums,1,0.033943891525268555
October 18 2018 04:24:14,users.get,79,2.287532091140747
October 18 2018 04:24:14,friends.getMutual,1,0.0379030704498291
October 18 2018 04:24:15,photos.getAlbums,1,0.03490734100341797
October 18 2018 04:24:15,friends.get,1,0.03507709503173828
October 18 2018 04:24:15,friends.get,1,0.03593635559082031
October 18 2018 04:24:15,friends.get,1,0.03292489051818848
October 18 2018 04:24:15,friends.getMutual,1,0.041887760162353516
October 18 2018 04:24:15,photos.getAlbums,1,0.10269594192504883
October 18 2018 04:24:15,photos.getAlbums,1,0.035928964614868164
October 18 2018 04:24:17,users.get,80,2.572669744491577
October 18 2018 04:24:17,friends.getMutual,1,0.03590989112854004
October 18 2018 04:24:18,friends.get,1,0.04087471961975098
October 18 2018 04:24:18,friends.getMutual,1,0.034925222396850586
October 18 2018 04:24:18,friends.get,1,0.03589439392089844
October 18 2018 04:24:18,friends.get,1,0.03690028190612793
October 18 2018 04:24:18,photos.getAlbums,1,0.0329437255859375
October 18 2018 04:24:18,users.get,1,0.04587101936340332
October 18 2018 04:24:18,wall.get,1,0.15957379341125488
October 18 2018 04:24:28,friends.get,11,10.405152559280396
October 18 2018 04:24:28,wall.get,1,0.13463187217712402
October 18 2018 04:24:29,photos.getAlbums,1,0.033908843994140625
October 18 2018 04:24:29,users.get,1,0.03489565849304199
October 18 2018 04:24:29,friends.getMutual,1,0.03690314292907715
October 18 2018 04:24:29,photos.getAlbums,1,0.03989410400390625
October 18 2018 04:24:29,users.get,1,0.03989696502685547
October 18 2018 04:24:29,friends.get,1,0.035904645919799805
October 18 2018 04:24:29,users.get,1,0.03696179389953613
October 18 2018 04:24:30,photos.getAlbums,56,1.594165563583374
October 18 2018 04:24:31,wall.get,1,0.11467480659484863
October 18 2018 04:24:31,photos.getAlbums,1,0.03391695022583008
October 18 2018 04:24:31,photos.getAlbums,1,0.04092216491699219
October 18 2018 04:24:31,friends.getMutual,1,0.051804304122924805
October 18 2018 04:24:31,friends.getMutual,1,0.03491330146789551
October 18 2018 04:24:31,friends.getMutual,1,0.03744816780090332
October 18 2018 04:24:31,friends.get,1,0.03991270065307617
October 18 2018 04:24:31,wall.get,1,0.17354655265808105
October 18 2018 04:24:33,friends.getMutual,80,2.3804726600646973
October 18 2018 04:24:33,friends.get,1,0.03992605209350586
October 18 2018 04:24:34,friends.get,1,0.03892207145690918
October 18 2018 04:24:34,friends.getMutual,1,0.041857004165649414
October 18 2018 04:24:34,users.get,1,0.03688406944274902
October 18 2018 04:24:34,friends.get,1,0.03788900375366211
October 18 2018 04:24:34,photos.getAlbums,1,0.04488205909729004
October 18 2018 04:24:34,photos.getAlbums,1,0.032914161682128906
October 18 2018 04:24:34,friends.getMutual,1,0.03937029838562012
October 18 2018 04:24:45,photos.getAlbums,40,11.220523834228516
October 18 2018 04:24:45,wall.get,1,0.15256214141845703
October 18 2018 04:24:45,wall.get,1,0.16256093978881836
October 18 2018 04:24:45,users.get,1,0.03692436218261719
October 18 2018 04:24:45,friends.get,1,0.029902219772338867
October 18 2018 04:24:46,wall.get,1,0.15386486053466797
October 18 2018 04:24:46,wall.get,1,0.12468385696411133
October 18 2018 04:24:46,users.get,1,0.031909942626953125
October 18 2018 04:24:46,friends.get,1,0.03091716766357422
October 18 2018 04:24:47,users.get,53,1.546142339706421
October 18 2018 04:24:47,friends.getMutual,1,0.03699374198913574
October 18 2018 04:24:48,friends.getMutual,1,0.03390908241271973
October 18 2018 04:24:48,users.get,1,0.035903215408325195
October 18 2018 04:24:48,photos.getAlbums,1,0.0358736515045166
October 18 2018 04:24:48,friends.getMutual,1,0.03392672538757324
October 18 2018 04:24:48,wall.get,1,0.13463401794433594
October 18 2018 04:24:48,friends.getMutual,1,0.03193926811218262
October 18 2018 04:24:48,friends.getMutual,1,0.02992701530456543
October 18 2018 04:24:59,wall.get,31,11.122035503387451
October 18 2018 04:24:59,wall.get,1,0.11371064186096191
October 18 2018 04:24:59,wall.get,1,0.14461302757263184
October 18 2018 04:24:59,wall.get,1,0.1346585750579834
October 18 2018 04:25:00,wall.get,1,0.14455103874206543
October 18 2018 04:25:00,wall.get,1,0.1406242847442627
October 18 2018 04:25:00,users.get,1,0.03692507743835449
October 18 2018 04:25:00,friends.get,1,0.038895368576049805
October 18 2018 04:25:00,photos.getAlbums,1,0.03488636016845703
October 18 2018 04:25:01,friends.get,53,1.5320396423339844
October 18 2018 04:25:01,friends.get,1,0.031884193420410156
October 18 2018 04:25:02,users.get,1,0.032932281494140625
October 18 2018 04:25:02,wall.get,1,0.14062285423278809
October 18 2018 04:25:02,photos.getAlbums,1,0.03340768814086914
October 18 2018 04:25:02,wall.get,1,0.17452144622802734
October 18 2018 04:25:02,friends.getMutual,1,0.03096461296081543
October 18 2018 04:25:02,friends.getMutual,1,0.03490924835205078
October 18 2018 04:25:02,users.get,1,0.03294038772583008
October 18 2018 04:25:13,photos.getAlbums,31,11.007962942123413
October 18 2018 04:25:13,wall.get,1,0.13367319107055664
October 18 2018 04:25:13,friends.get,1,0.03691673278808594
October 18 2018 04:25:13,friends.getMutual,1,0.037899017333984375
October 18 2018 04:25:13,users.get,1,0.03589606285095215
October 18 2018 04:25:13,wall.get,1,0.11671590805053711
October 18 2018 04:25:13,friends.get,1,0.028927087783813477
October 18 2018 04:25:14,wall.get,1,0.1206967830657959
October 18 2018 04:25:14,wall.get,1,0.11371994018554688
October 18 2018 04:25:15,photos.getAlbums,58,1.6634294986724854
October 18 2018 04:25:15,friends.get,1,0.03588366508483887
October 18 2018 04:25:16,wall.get,1,0.11370396614074707
October 18 2018 04:25:16,wall.get,1,0.12270545959472656
October 18 2018 04:25:16,friends.get,1,0.033884286880493164
October 18 2018 04:25:16,friends.getMutual,1,0.05088329315185547
October 18 2018 04:25:16,friends.get,1,0.034908294677734375
October 18 2018 04:25:16,friends.getMutual,1,0.03888869285583496
October 18 2018 04:25:16,friends.get,1,0.03693342208862305
October 18 2018 04:25:18,friends.get,82,2.4366347789764404
October 18 2018 04:25:18,users.get,1,0.03406405448913574
October 18 2018 04:25:19,friends.getMutual,1,0.0379335880279541
October 18 2018 04:25:19,wall.get,1,0.12765717506408691
October 18 2018 04:25:19,photos.getAlbums,1,0.03889298439025879
October 18 2018 04:25:19,friends.getMutual,1,0.03887057304382324
October 18 2018 04:25:19,users.get,1,0.034925222396850586
October 18 2018 04:25:19,users.get,1,0.04091310501098633
October 18 2018 04:25:19,friends.get,1,0.040914297103881836
October 18 2018 04:25:22,wall.get,85,2.641057252883911
October 18 2018 04:25:22,photos.getAlbums,1,0.039893388748168945
October 18 2018 04:25:22,friends.getMutual,1,0.050866127014160156
October 18 2018 04:25:22,friends.get,1,0.035864830017089844
October 18 2018 04:25:22,photos.getAlbums,1,0.03093123435974121
October 18 2018 04:25:22,photos.getAlbums,1,0.04391622543334961
October 18 2018 04:25:22,photos.getAlbums,1,0.03693437576293945
October 18 2018 04:25:22,friends.getMutual,1,0.03693389892578125
October 18 2018 04:25:22,friends.get,1,0.03593635559082031
October 18 2018 04:25:24,friends.get,84,2.4715793132781982
October 18 2018 04:25:25,wall.get,1,0.1323070526123047
October 18 2018 04:25:25,users.get,1,0.036925315856933594
October 18 2018 04:25:25,friends.get,1,0.0338435173034668
October 18 2018 04:25:25,photos.getAlbums,1,0.3191714286804199
October 18 2018 04:25:25,friends.getMutual,1,0.03987598419189453
October 18 2018 04:25:25,friends.get,1,0.031943321228027344
October 18 2018 04:25:25,users.get,1,0.030898332595825195
October 18 2018 04:25:25,photos.getAlbums,1,0.03892850875854492
October 18 2018 04:25:27,friends.getMutual,76,2.2625515460968018
October 18 2018 04:25:27,users.get,1,0.039873600006103516
October 18 2018 04:25:28,friends.getMutual,1,0.03590536117553711
October 18 2018 04:25:28,friends.get,1,0.03690195083618164
October 18 2018 04:25:28,users.get,1,0.036900997161865234
October 18 2018 04:25:28,friends.getMutual,1,0.04089188575744629
October 18 2018 04:25:28,photos.getAlbums,1,0.03590965270996094
October 18 2018 04:25:28,users.get,1,0.03194856643676758
October 18 2018 04:25:28,wall.get,1,0.14660120010375977
October 18 2018 04:25:30,friends.getMutual,83,2.483177900314331
October 18 2018 04:25:30,photos.getAlbums,1,0.03392434120178223
October 18 2018 04:25:31,wall.get,1,0.15658307075500488
October 18 2018 04:25:31,users.get,1,0.031937599182128906
October 18 2018 04:25:31,wall.get,1,0.14263439178466797
October 18 2018 04:25:31,photos.getAlbums,1,0.03486895561218262
October 18 2018 04:25:31,users.get,1,0.04288673400878906
October 18 2018 04:25:31,users.get,1,0.03391885757446289
October 18 2018 04:25:31,users.get,1,0.033905029296875
October 18 2018 04:25:33,photos.getAlbums,80,2.384594202041626
October 18 2018 04:25:34,wall.get,1,0.1406245231628418
October 18 2018 04:25:34,wall.get,1,0.11668682098388672
October 18 2018 04:25:34,friends.get,1,0.04034852981567383
October 18 2018 04:25:34,wall.get,1,0.11469364166259766
October 18 2018 04:25:34,friends.get,1,0.03789329528808594
October 18 2018 04:25:34,photos.getAlbums,1,0.034957170486450195
October 18 2018 04:25:34,wall.get,1,0.12272119522094727
October 18 2018 04:25:34,friends.get,1,0.03742814064025879
October 18 2018 04:25:36,users.get,77,2.2727620601654053
October 18 2018 04:25:36,photos.getAlbums,1,0.03189730644226074
October 18 2018 04:25:37,photos.getAlbums,1,0.033931732177734375
October 18 2018 04:25:37,friends.get,1,0.03990578651428223
October 18 2018 04:25:37,wall.get,1,0.16155314445495605
October 18 2018 04:25:37,users.get,1,0.03287982940673828
October 18 2018 04:25:37,users.get,1,0.030895709991455078
October 18 2018 04:25:37,friends.getMutual,1,0.04158163070678711
October 18 2018 04:25:37,photos.getAlbums,1,0.03495526313781738
October 18 2018 04:25:40,wall.get,85,2.5993828773498535
October 18 2018 04:25:40,friends.getMutual,1,0.04989123344421387
October 18 2018 04:25:40,wall.get,1,0.16056323051452637
October 18 2018 04:25:40,friends.getMutual,1,0.03789210319519043
October 18 2018 04:25:40,photos.getAlbums,1,0.03195929527282715
October 18 2018 04:25:40,wall.get,1,0.1286630630493164
October 18 2018 04:25:40,friends.get,1,0.03491568565368652
October 18 2018 04:25:40,users.get,1,0.03401827812194824
October 18 2018 04:25:40,users.get,1,0.03487563133239746
October 18 2018 04:25:42,friends.get,78,2.2918596267700195
October 18 2018 04:25:43,wall.get,1,0.13161706924438477
October 18 2018 04:25:43,friends.get,1,0.035916805267333984
October 18 2018 04:25:43,friends.get,1,0.030905485153198242
October 18 2018 04:25:43,wall.get,1,0.13677072525024414
October 18 2018 04:25:43,users.get,1,0.033234596252441406
October 18 2018 04:25:43,users.get,1,0.03690028190612793
October 18 2018 04:25:43,friends.get,1,0.046874284744262695
October 18 2018 04:25:43,photos.getAlbums,1,0.03986406326293945
October 18 2018 04:25:45,friends.getMutual,81,2.4014711380004883
October 18 2018 04:25:45,users.get,1,0.03693103790283203
October 18 2018 04:25:46,friends.get,1,0.030894756317138672
October 18 2018 04:25:46,friends.get,1,0.0358731746673584
October 18 2018 04:25:46,wall.get,1,0.15262389183044434
October 18 2018 04:25:46,friends.getMutual,1,0.03986334800720215
October 18 2018 04:25:46,friends.get,1,0.029921531677246094
October 18 2018 04:25:46,users.get,1,0.03389906883239746
October 18 2018 04:25:46,users.get,1,0.03488278388977051
October 18 2018 04:25:48,friends.getMutual,85,2.515227794647217
October 18 2018 04:25:48,friends.getMutual,1,0.03191351890563965
October 18 2018 04:25:49,friends.getMutual,1,0.034937381744384766
October 18 2018 04:25:49,wall.get,1,0.14064955711364746
October 18 2018 04:25:49,users.get,1,0.03294706344604492
October 18 2018 04:25:49,friends.get,1,0.03390979766845703
October 18 2018 04:25:49,users.get,1,0.04289889335632324
October 18 2018 04:25:49,wall.get,1,0.12065315246582031
October 18 2018 04:25:49,friends.get,1,0.033899784088134766
October 18 2018 04:25:52,wall.get,83,2.525536298751831
October 18 2018 04:25:52,wall.get,1,0.1406404972076416
October 18 2018 04:25:52,users.get,1,0.03490114212036133
October 18 2018 04:25:52,wall.get,1,0.1193234920501709
October 18 2018 04:25:52,photos.getAlbums,1,0.03689455986022949
October 18 2018 04:25:52,wall.get,1,0.1123361587524414
October 18 2018 04:25:52,friends.get,1,0.045877933502197266
October 18 2018 04:25:52,friends.get,1,0.0409083366394043
October 18 2018 04:25:52,photos.getAlbums,1,0.03490591049194336
October 18 2018 04:25:54,photos.getAlbums,76,2.2455852031707764
October 18 2018 04:25:54,photos.getAlbums,1,0.03989219665527344
October 18 2018 04:25:55,photos.getAlbums,1,0.03688168525695801
October 18 2018 04:25:55,users.get,1,0.03339433670043945
October 18 2018 04:25:55,friends.getMutual,1,0.03191518783569336
October 18 2018 04:25:55,friends.getMutual,1,0.04538893699645996
October 18 2018 04:25:55,wall.get,1,0.14378809928894043
October 18 2018 04:25:55,friends.getMutual,1,0.039916276931762695
October 18 2018 04:25:55,friends.getMutual,1,0.029978036880493164
October 18 2018 04:25:57,users.get,85,2.500657558441162
October 18 2018 04:25:57,friends.getMutual,1,0.03690671920776367
October 18 2018 04:25:58,wall.get,1,0.14359784126281738
October 18 2018 04:25:58,users.get,1,0.03293585777282715
October 18 2018 04:25:58,friends.getMutual,1,0.040910959243774414
October 18 2018 04:25:58,wall.get,1,0.1107032299041748
October 18 2018 04:25:58,friends.getMutual,1,0.0380856990814209
October 18 2018 04:25:58,wall.get,1,0.12282752990722656
October 18 2018 04:25:58,users.get,1,0.03890419006347656
October 18 2018 04:26:10,photos.getAlbums,74,12.221272230148315
October 18 2018 04:26:10,wall.get,1,0.13463830947875977
October 18 2018 04:26:11,wall.get,1,0.11595463752746582
October 18 2018 04:26:11,wall.get,1,0.12868046760559082
October 18 2018 04:26:11,friends.get,1,0.03688454627990723
October 18 2018 04:26:11,photos.getAlbums,1,0.03886699676513672
October 18 2018 04:26:11,photos.getAlbums,1,0.03690314292907715
October 18 2018 04:26:11,users.get,1,0.03193306922912598
October 18 2018 04:26:11,users.get,1,0.03296399116516113
October 18 2018 04:26:13,photos.getAlbums,43,1.5972716808319092
October 18 2018 04:26:13,photos.getAlbums,1,0.0378873348236084
October 18 2018 04:26:13,photos.getAlbums,1,0.03294205665588379
October 18 2018 04:26:13,friends.getMutual,1,0.04057168960571289
October 18 2018 04:26:13,photos.getAlbums,1,0.04188847541809082
October 18 2018 04:26:13,photos.getAlbums,1,0.03433418273925781
October 18 2018 04:26:13,friends.getMutual,1,0.03689908981323242
October 18 2018 04:26:13,friends.getMutual,1,0.04291701316833496
October 18 2018 04:26:13,friends.get,1,0.036901235580444336
October 18 2018 04:26:15,friends.getMutual,82,2.467353105545044
October 18 2018 04:26:15,users.get,1,0.03691983222961426
October 18 2018 04:26:16,friends.getMutual,1,0.038872718811035156
October 18 2018 04:26:16,wall.get,1,0.13068294525146484
October 18 2018 04:26:16,friends.get,1,0.03294229507446289
October 18 2018 04:26:16,users.get,1,0.03792572021484375
October 18 2018 04:26:16,photos.getAlbums,1,0.034008026123046875
October 18 2018 04:26:16,users.get,1,0.03590703010559082
October 18 2018 04:26:16,wall.get,1,0.13959550857543945
October 18 2018 04:26:28,friends.get,51,11.581958770751953
October 18 2018 04:26:28,friends.getMutual,1,0.048726797103881836
October 18 2018 04:26:28,friends.getMutual,1,0.0399165153503418
October 18 2018 04:26:28,friends.getMutual,1,0.03668832778930664
October 18 2018 04:26:28,users.get,1,0.033907413482666016
October 18 2018 04:26:28,friends.getMutual,1,0.03693509101867676
October 18 2018 04:26:28,photos.getAlbums,1,0.03695344924926758
October 18 2018 04:26:28,friends.get,1,0.03791666030883789
October 18 2018 04:26:28,photos.getAlbums,1,0.034906625747680664
October 18 2018 04:26:30,users.get,84,2.4359371662139893
October 18 2018 04:26:31,wall.get,1,0.12267112731933594
October 18 2018 04:26:31,friends.getMutual,1,0.035892486572265625
October 18 2018 04:26:31,friends.getMutual,1,0.028948307037353516
October 18 2018 04:26:31,photos.getAlbums,1,0.03194379806518555
October 18 2018 04:26:31,users.get,1,0.038912057876586914
October 18 2018 04:26:31,users.get,1,0.03195667266845703
October 18 2018 04:26:31,users.get,1,0.0379025936126709
October 18 2018 04:26:41,friends.getMutual,1,10.102747440338135
October 18 2018 04:26:41,friends.getMutual,1,0.05687856674194336
October 18 2018 04:26:41,users.get,1,0.03690218925476074
October 18 2018 04:26:41,friends.getMutual,1,0.03693222999572754
October 18 2018 04:26:41,wall.get,1,0.14061260223388672
October 18 2018 04:26:41,photos.getAlbums,1,0.03487682342529297
October 18 2018 04:26:41,wall.get,1,0.13964223861694336
October 18 2018 04:26:41,friends.get,1,0.035924434661865234
October 18 2018 04:26:42,friends.getMutual,1,0.03691458702087402
October 18 2018 04:26:43,photos.getAlbums,65,1.887481927871704
October 18 2018 04:26:44,wall.get,1,0.113311767578125
October 18 2018 04:26:44,users.get,1,0.03593587875366211
October 18 2018 04:26:44,friends.getMutual,1,0.04491543769836426
October 18 2018 04:26:44,friends.getMutual,1,0.03693795204162598
October 18 2018 04:26:44,friends.get,1,0.0376741886138916
October 18 2018 04:26:44,photos.getAlbums,1,0.03989386558532715
October 18 2018 04:26:44,photos.getAlbums,1,0.02792501449584961
October 18 2018 04:26:44,wall.get,1,0.11570858955383301
October 18 2018 04:26:46,users.get,45,2.4535632133483887
October 18 2018 04:26:47,users.get,1,0.052855730056762695
October 18 2018 04:26:47,photos.getAlbums,1,0.05086064338684082
October 18 2018 04:26:47,friends.get,1,0.039859771728515625
October 18 2018 04:26:47,friends.getMutual,1,0.04904484748840332
October 18 2018 04:26:47,friends.get,1,0.03789806365966797
October 18 2018 04:26:47,wall.get,1,0.14063215255737305
October 18 2018 04:26:47,users.get,1,0.042916297912597656
October 18 2018 04:26:47,wall.get,1,0.12232685089111328
October 18 2018 04:26:49,photos.getAlbums,75,2.3439254760742188
October 18 2018 04:26:49,users.get,1,0.033957719802856445
October 18 2018 04:26:50,wall.get,1,0.1306307315826416
October 18 2018 04:26:50,users.get,1,0.03390908241271973
October 18 2018 04:26:50,wall.get,1,0.13639163970947266
October 18 2018 04:26:50,photos.getAlbums,1,0.05433225631713867
October 18 2018 04:26:50,wall.get,1,0.1281893253326416
October 18 2018 04:26:50,wall.get,1,0.1216738224029541
October 18 2018 04:26:50,users.get,1,0.0468442440032959
October 18 2018 04:26:52,friends.getMutual,50,2.225926160812378
October 18 2018 04:26:53,friends.getMutual,1,0.08181524276733398
October 18 2018 04:26:53,photos.getAlbums,1,0.04191112518310547
October 18 2018 04:26:53,friends.get,1,0.03987622261047363
October 18 2018 04:26:53,users.get,1,0.0410006046295166
October 18 2018 04:26:53,friends.getMutual,1,0.0439152717590332
October 18 2018 04:26:53,friends.getMutual,1,0.04089689254760742
October 18 2018 04:26:53,wall.get,1,0.1144266128540039
October 18 2018 04:26:53,friends.get,1,0.03591418266296387
October 18 2018 04:26:55,users.get,84,2.4535939693450928
October 18 2018 04:26:55,photos.getAlbums,1,0.03397393226623535
October 18 2018 04:26:56,photos.getAlbums,1,0.033924102783203125
October 18 2018 04:26:56,wall.get,1,0.12668609619140625
October 18 2018 04:26:56,photos.getAlbums,1,0.03690171241760254
October 18 2018 04:26:56,users.get,1,0.032935142517089844
October 18 2018 04:26:56,wall.get,1,0.11469268798828125
October 18 2018 04:26:56,friends.getMutual,1,0.04890847206115723
October 18 2018 04:26:56,users.get,1,0.03393149375915527
October 18 2018 04:26:58,friends.getMutual,84,2.462648391723633
October 18 2018 04:26:58,photos.getAlbums,1,0.034906625747680664
October 18 2018 04:26:59,friends.getMutual,1,0.03690028190612793
October 18 2018 04:26:59,wall.get,1,0.15460753440856934
October 18 2018 04:26:59,wall.get,1,0.13483834266662598
October 18 2018 04:26:59,users.get,1,0.03289318084716797
October 18 2018 04:26:59,wall.get,1,0.12369799613952637
October 18 2018 04:26:59,wall.get,1,0.12128114700317383
October 18 2018 04:26:59,friends.getMutual,1,0.029933452606201172
October 18 2018 04:27:01,photos.getAlbums,50,2.2057106494903564
October 18 2018 04:27:01,photos.getAlbums,1,0.035945892333984375
October 18 2018 04:27:02,friends.getMutual,1,0.036908626556396484
October 18 2018 04:27:02,wall.get,1,0.13270092010498047
October 18 2018 04:27:02,users.get,1,0.031929731369018555
October 18 2018 04:27:02,wall.get,1,0.12968039512634277
October 18 2018 04:27:02,users.get,1,0.03228402137756348
October 18 2018 04:27:02,friends.getMutual,1,0.03590250015258789
October 18 2018 04:27:02,wall.get,1,0.12069153785705566
October 18 2018 04:27:04,friends.get,82,2.3496954441070557
October 18 2018 04:27:05,wall.get,1,0.20165538787841797
October 18 2018 04:27:05,wall.get,1,0.12665963172912598
October 18 2018 04:27:05,friends.get,1,0.03593635559082031
October 18 2018 04:27:05,friends.getMutual,1,0.03393721580505371
October 18 2018 04:27:05,photos.getAlbums,1,0.038919925689697266
October 18 2018 04:27:05,wall.get,1,0.12743616104125977
October 18 2018 04:27:05,users.get,1,0.03356218338012695
October 18 2018 04:27:05,wall.get,1,0.12566351890563965
October 18 2018 04:27:07,friends.getMutual,73,2.216620445251465
October 18 2018 04:27:07,users.get,1,0.036931753158569336
October 18 2018 04:27:08,users.get,1,0.03587055206298828
October 18 2018 04:27:08,users.get,1,0.03490948677062988
October 18 2018 04:27:08,photos.getAlbums,1,0.03410911560058594
October 18 2018 04:27:08,photos.getAlbums,1,0.03295779228210449
October 18 2018 04:27:08,friends.getMutual,1,0.04092216491699219
October 18 2018 04:27:08,photos.getAlbums,1,0.03788256645202637
October 18 2018 04:27:08,friends.getMutual,1,0.03883171081542969
October 18 2018 04:27:11,wall.get,84,2.6688082218170166
October 18 2018 04:27:11,wall.get,1,0.14165234565734863
October 18 2018 04:27:11,friends.getMutual,1,0.030934810638427734
October 18 2018 04:27:11,friends.get,1,0.03692364692687988
October 18 2018 04:27:11,wall.get,1,0.12569379806518555
October 18 2018 04:27:11,wall.get,1,0.1187140941619873
October 18 2018 04:27:11,wall.get,1,0.13666558265686035
October 18 2018 04:27:11,friends.getMutual,1,0.037610769271850586
October 18 2018 04:27:11,users.get,1,0.03690505027770996
October 18 2018 04:27:13,friends.getMutual,72,2.1331770420074463
October 18 2018 04:27:14,wall.get,1,0.13266777992248535
October 18 2018 04:27:14,photos.getAlbums,1,0.03393197059631348
October 18 2018 04:27:14,users.get,1,0.03291773796081543
October 18 2018 04:27:14,photos.getAlbums,1,0.033905982971191406
October 18 2018 04:27:14,photos.getAlbums,1,0.031914472579956055
October 18 2018 04:27:14,users.get,1,0.03394055366516113
October 18 2018 04:27:14,friends.getMutual,1,0.0349271297454834
October 18 2018 04:27:14,wall.get,1,0.12373495101928711
October 18 2018 04:27:16,friends.getMutual,80,2.4599828720092773
October 18 2018 04:27:16,photos.getAlbums,1,0.03584861755371094
October 18 2018 04:27:17,users.get,1,0.0328824520111084
October 18 2018 04:27:17,photos.getAlbums,1,0.03393197059631348
October 18 2018 04:27:17,wall.get,1,0.13463234901428223
October 18 2018 04:27:17,users.get,1,0.029935836791992188
October 18 2018 04:27:17,friends.getMutual,1,0.08078289031982422
October 18 2018 04:27:17,photos.getAlbums,1,0.033921241760253906
October 18 2018 04:27:17,photos.getAlbums,1,0.03889322280883789
October 18 2018 04:27:20,wall.get,85,2.555088520050049
October 18 2018 04:27:20,friends.getMutual,1,0.03193807601928711
October 18 2018 04:27:20,friends.getMutual,1,0.03792214393615723
October 18 2018 04:27:20,wall.get,1,0.12961483001708984
October 18 2018 04:27:20,friends.get,1,0.040892839431762695
October 18 2018 04:27:20,users.get,1,0.03492999076843262
October 18 2018 04:27:20,users.get,1,0.03394055366516113
October 18 2018 04:27:20,users.get,1,0.033878326416015625
October 18 2018 04:27:20,users.get,1,0.03390908241271973
October 18 2018 04:27:22,photos.getAlbums,80,2.440364122390747
October 18 2018 04:27:22,users.get,1,0.03261423110961914
October 18 2018 04:27:23,friends.get,1,0.03690195083618164
October 18 2018 04:27:23,wall.get,1,0.13528108596801758
October 18 2018 04:27:23,friends.getMutual,1,0.033919334411621094
October 18 2018 04:27:23,users.get,1,0.04188942909240723
October 18 2018 04:27:23,wall.get,1,0.11425495147705078
October 18 2018 04:27:23,users.get,1,0.0328829288482666
October 18 2018 04:27:23,friends.get,1,0.03693652153015137
October 18 2018 04:27:26,wall.get,81,2.53239369392395
October 18 2018 04:27:26,wall.get,1,0.13643980026245117
October 18 2018 04:27:26,wall.get,1,0.12804007530212402
October 18 2018 04:27:26,friends.get,1,0.03493189811706543
October 18 2018 04:27:26,photos.getAlbums,1,0.033939361572265625
October 18 2018 04:27:26,users.get,1,0.03290557861328125
October 18 2018 04:27:26,friends.getMutual,1,0.04187893867492676
October 18 2018 04:27:26,photos.getAlbums,1,0.033055782318115234
October 18 2018 04:27:26,users.get,1,0.03892779350280762
October 18 2018 04:27:28,friends.get,79,2.3058509826660156
October 18 2018 04:27:28,friends.get,1,0.03887057304382324
October 18 2018 04:27:29,wall.get,1,0.11541008949279785
October 18 2018 04:27:29,users.get,1,0.10271859169006348
October 18 2018 04:27:29,friends.getMutual,1,0.04385256767272949
October 18 2018 04:27:29,friends.get,1,0.035935401916503906
October 18 2018 04:27:29,wall.get,1,0.16757726669311523
October 18 2018 04:27:29,wall.get,1,0.11069822311401367
October 18 2018 04:27:29,wall.get,1,0.1406569480895996
October 18 2018 04:27:31,friends.getMutual,73,2.1581504344940186
October 18 2018 04:27:31,users.get,1,0.03392195701599121
October 18 2018 04:27:32,friends.get,1,0.039893150329589844
October 18 2018 04:27:32,users.get,1,0.036101579666137695
October 18 2018 04:27:32,friends.getMutual,1,0.035904884338378906
October 18 2018 04:27:32,wall.get,1,0.11570215225219727
October 18 2018 04:27:32,friends.get,1,0.038893938064575195
October 18 2018 04:27:32,wall.get,1,0.11858654022216797
October 18 2018 04:27:32,users.get,1,0.03393983840942383
October 18 2018 04:27:34,photos.getAlbums,83,2.458895683288574
October 18 2018 04:27:34,users.get,1,0.03589987754821777
October 18 2018 04:27:35,friends.getMutual,1,0.03191518783569336
October 18 2018 04:27:35,users.get,1,0.036093950271606445
October 18 2018 04:27:35,friends.getMutual,1,0.03592967987060547
October 18 2018 04:27:35,users.get,1,0.03692340850830078
October 18 2018 04:27:35,friends.get,1,0.03490567207336426
October 18 2018 04:27:35,friends.get,1,0.037935733795166016
October 18 2018 04:27:35,friends.get,1,0.03786754608154297
October 18 2018 04:27:46,wall.get,23,10.86007308959961
October 18 2018 04:27:46,wall.get,1,0.1426229476928711
October 18 2018 04:27:46,friends.get,1,0.034906625747680664
October 18 2018 04:27:46,wall.get,1,0.1715548038482666
October 18 2018 04:27:46,friends.getMutual,1,0.036919355392456055
October 18 2018 04:27:46,friends.getMutual,1,0.036900997161865234
October 18 2018 04:27:46,photos.getAlbums,1,0.03693270683288574
October 18 2018 04:27:46,wall.get,1,0.1536121368408203
October 18 2018 04:27:46,users.get,1,0.03589439392089844
October 18 2018 04:27:48,friends.getMutual,65,1.9985604286193848
October 18 2018 04:27:49,wall.get,1,0.1361675262451172
October 18 2018 04:27:49,friends.getMutual,1,0.03991985321044922
October 18 2018 04:27:49,friends.get,1,0.03587985038757324
October 18 2018 04:27:49,users.get,1,0.03291463851928711
October 18 2018 04:27:49,users.get,1,0.0359342098236084
October 18 2018 04:27:49,friends.getMutual,1,0.03591632843017578
October 18 2018 04:27:49,friends.getMutual,1,0.03692293167114258
October 18 2018 04:27:49,friends.getMutual,1,0.0409393310546875
October 18 2018 04:27:51,friends.get,82,2.5112650394439697
October 18 2018 04:27:51,photos.getAlbums,1,0.03690838813781738
October 18 2018 04:27:52,friends.getMutual,1,0.039896488189697266
October 18 2018 04:27:52,users.get,1,0.0359189510345459
October 18 2018 04:27:52,friends.getMutual,1,0.04391217231750488
October 18 2018 04:27:52,photos.getAlbums,1,0.05086493492126465
October 18 2018 04:27:52,wall.get,1,0.13586711883544922
October 18 2018 04:27:52,photos.getAlbums,1,0.03496360778808594
October 18 2018 04:27:52,friends.getMutual,1,0.03690028190612793
October 18 2018 04:27:55,wall.get,83,2.7801144123077393
October 18 2018 04:27:55,friends.getMutual,1,0.03390979766845703
October 18 2018 04:27:55,wall.get,1,0.11369705200195312
October 18 2018 04:27:55,friends.get,1,0.035902976989746094
October 18 2018 04:27:55,users.get,1,0.033911943435668945
October 18 2018 04:27:55,friends.getMutual,1,0.03489255905151367
October 18 2018 04:27:55,photos.getAlbums,1,0.04086732864379883
October 18 2018 04:27:55,photos.getAlbums,1,0.03296327590942383
October 18 2018 04:27:55,users.get,1,0.03390979766845703
October 18 2018 04:27:57,photos.getAlbums,78,2.2458584308624268
October 18 2018 04:27:58,wall.get,1,0.14139676094055176
October 18 2018 04:27:58,photos.getAlbums,1,0.030945301055908203
October 18 2018 04:27:58,photos.getAlbums,1,0.035137176513671875
October 18 2018 04:27:58,wall.get,1,0.1585993766784668
October 18 2018 04:27:58,wall.get,1,0.11571025848388672
October 18 2018 04:27:58,friends.getMutual,1,0.032913923263549805
October 18 2018 04:27:58,photos.getAlbums,1,0.030915498733520508
October 18 2018 04:27:58,friends.getMutual,1,0.040923357009887695
October 18 2018 04:28:00,users.get,79,2.311499834060669
October 18 2018 04:28:00,photos.getAlbums,1,0.035912513732910156
October 18 2018 04:28:01,friends.get,1,0.030916452407836914
October 18 2018 04:28:01,friends.get,1,0.032904624938964844
October 18 2018 04:28:01,photos.getAlbums,1,0.030916690826416016
October 18 2018 04:28:01,friends.getMutual,1,0.034894466400146484
October 18 2018 04:28:01,photos.getAlbums,1,0.03193306922912598
October 18 2018 04:28:01,friends.get,1,0.03989529609680176
October 18 2018 04:28:01,friends.getMutual,1,0.031874895095825195
October 18 2018 04:28:13,wall.get,65,12.369755029678345
October 18 2018 04:28:13,friends.get,1,0.046868324279785156
October 18 2018 04:28:13,friends.get,1,0.03789043426513672
October 18 2018 04:28:13,friends.get,1,0.037892818450927734
October 18 2018 04:28:13,friends.getMutual,1,0.03989243507385254
October 18 2018 04:28:13,friends.get,1,0.04086017608642578
October 18 2018 04:28:13,friends.get,1,0.03694462776184082
October 18 2018 04:28:14,photos.getAlbums,1,0.03385663032531738
October 18 2018 04:28:14,friends.get,1,0.03692436218261719
October 18 2018 04:28:16,wall.get,55,1.9669859409332275
October 18 2018 04:28:16,users.get,1,0.04040050506591797
October 18 2018 04:28:16,friends.get,1,0.048842430114746094
October 18 2018 04:28:16,wall.get,1,0.14064764976501465
October 18 2018 04:28:16,friends.getMutual,1,0.03788638114929199
October 18 2018 04:28:16,friends.getMutual,1,0.04089093208312988
October 18 2018 04:28:16,wall.get,1,0.1376338005065918
October 18 2018 04:28:16,friends.get,1,0.03891921043395996
October 18 2018 04:28:16,friends.getMutual,1,0.03790020942687988
October 18 2018 04:28:19,wall.get,76,2.3837058544158936
October 18 2018 04:28:19,photos.getAlbums,1,0.03590536117553711
October 18 2018 04:28:19,friends.getMutual,1,0.03791356086730957
October 18 2018 04:28:19,users.get,1,0.038928985595703125
October 18 2018 04:28:19,photos.getAlbums,1,0.032926082611083984
October 18 2018 04:28:19,friends.getMutual,1,0.035904645919799805
October 18 2018 04:28:19,friends.get,1,0.03889632225036621
October 18 2018 04:28:19,friends.getMutual,1,0.038961172103881836
October 18 2018 04:28:19,photos.getAlbums,1,0.035903215408325195
October 18 2018 04:28:21,photos.getAlbums,84,2.500912666320801
October 18 2018 04:28:22,wall.get,1,0.12966203689575195
October 18 2018 04:28:22,friends.get,1,0.0388951301574707
October 18 2018 04:28:22,friends.get,1,0.03577017784118652
October 18 2018 04:28:22,friends.get,1,0.03892970085144043
October 18 2018 04:28:22,wall.get,1,0.14061975479125977
October 18 2018 04:28:22,friends.get,1,0.030972719192504883
October 18 2018 04:28:22,photos.getAlbums,1,0.03890419006347656
October 18 2018 04:28:22,friends.get,1,0.033910512924194336
October 18 2018 04:28:24,users.get,79,2.405604124069214
October 18 2018 04:28:24,users.get,1,0.03789997100830078
October 18 2018 04:28:25,users.get,1,0.03191351890563965
October 18 2018 04:28:25,photos.getAlbums,1,0.0328981876373291
October 18 2018 04:28:25,wall.get,1,0.12568259239196777
October 18 2018 04:28:25,friends.get,1,0.03093242645263672
October 18 2018 04:28:25,wall.get,1,0.12344884872436523
October 18 2018 04:28:25,friends.getMutual,1,0.03593611717224121
October 18 2018 04:28:25,photos.getAlbums,1,0.03589153289794922
October 18 2018 04:28:27,friends.getMutual,83,2.472069501876831
October 18 2018 04:28:28,wall.get,1,0.13930964469909668
October 18 2018 04:28:28,photos.getAlbums,1,0.03393197059631348
October 18 2018 04:28:28,wall.get,1,0.11968231201171875
October 18 2018 04:28:28,users.get,1,0.03394341468811035
October 18 2018 04:28:28,wall.get,1,0.15018725395202637
October 18 2018 04:28:28,wall.get,1,0.12167477607727051
October 18 2018 04:28:28,users.get,1,0.034889936447143555
October 18 2018 04:28:28,users.get,1,0.03393220901489258
October 18 2018 04:28:31,wall.get,75,2.348923921585083
October 18 2018 04:28:31,photos.getAlbums,1,0.029947757720947266
October 18 2018 04:28:31,friends.getMutual,1,0.0318903923034668
October 18 2018 04:28:31,users.get,1,0.03195476531982422
October 18 2018 04:28:31,photos.getAlbums,1,0.041912078857421875
October 18 2018 04:28:31,wall.get,1,0.12547898292541504
October 18 2018 04:28:31,users.get,1,0.03390622138977051
October 18 2018 04:28:31,wall.get,1,0.13531017303466797
October 18 2018 04:28:31,photos.getAlbums,1,0.031590938568115234
October 18 2018 04:28:34,wall.get,79,2.4037628173828125
October 18 2018 04:28:34,friends.get,1,0.03663516044616699
October 18 2018 04:28:34,wall.get,1,0.11970186233520508
October 18 2018 04:28:34,friends.get,1,0.0350947380065918
October 18 2018 04:28:34,users.get,1,0.03394055366516113
October 18 2018 04:28:34,friends.get,1,0.0329432487487793
October 18 2018 04:28:34,photos.getAlbums,1,0.033940792083740234
October 18 2018 04:28:34,friends.getMutual,1,0.03490638732910156
October 18 2018 04:28:34,friends.getMutual,1,0.03690218925476074
October 18 2018 04:28:36,friends.get,84,2.4256696701049805
October 18 2018 04:28:36,friends.getMutual,1,0.03288125991821289
October 18 2018 04:28:37,photos.getAlbums,1,0.03390002250671387
October 18 2018 04:28:37,photos.getAlbums,1,0.03391122817993164
October 18 2018 04:28:37,photos.getAlbums,1,0.03191399574279785
October 18 2018 04:28:37,users.get,1,0.031914472579956055
October 18 2018 04:28:37,friends.getMutual,1,0.035077810287475586
October 18 2018 04:28:37,friends.get,1,0.035903215408325195
October 18 2018 04:28:37,photos.getAlbums,1,0.031914710998535156
October 18 2018 04:28:39,friends.get,90,2.642423629760742
October 18 2018 04:28:39,friends.get,1,0.03989076614379883
October 18 2018 04:28:40,friends.get,1,0.04187369346618652
October 18 2018 04:28:40,photos.getAlbums,1,0.0352630615234375
October 18 2018 04:28:40,photos.getAlbums,1,0.03293657302856445
October 18 2018 04:28:40,friends.get,1,0.03790998458862305
October 18 2018 04:28:40,friends.get,1,0.03590273857116699
October 18 2018 04:28:40,friends.getMutual,1,0.03191423416137695
October 18 2018 04:28:40,users.get,1,0.03784036636352539
October 18 2018 04:28:42,photos.getAlbums,90,2.622347831726074
October 18 2018 04:28:42,users.get,1,0.039916276931762695
October 18 2018 04:28:43,friends.get,1,0.02995157241821289
October 18 2018 04:28:43,friends.get,1,0.03191351890563965
October 18 2018 04:28:43,users.get,1,0.034928083419799805
October 18 2018 04:28:43,wall.get,1,0.15362882614135742
October 18 2018 04:28:43,users.get,1,0.03391313552856445
October 18 2018 04:28:43,photos.getAlbums,1,0.03194308280944824
October 18 2018 04:28:43,friends.get,1,0.03765273094177246
October 18 2018 04:28:46,wall.get,86,2.59028697013855
October 18 2018 04:28:46,wall.get,1,0.11770987510681152
October 18 2018 04:28:46,friends.getMutual,1,0.03388214111328125
October 18 2018 04:28:46,wall.get,1,0.12366724014282227
October 18 2018 04:28:46,users.get,1,0.035919189453125
October 18 2018 04:28:46,users.get,1,0.19253897666931152
October 18 2018 04:28:46,friends.get,1,0.036408424377441406
October 18 2018 04:28:46,friends.getMutual,1,0.03991580009460449
October 18 2018 04:28:46,users.get,1,0.03160595893859863
October 18 2018 04:28:48,users.get,70,2.195770740509033
October 18 2018 04:28:48,friends.get,1,0.036901235580444336
October 18 2018 04:28:49,friends.getMutual,1,0.03590679168701172
October 18 2018 04:28:49,wall.get,1,0.13068079948425293
October 18 2018 04:28:49,photos.getAlbums,1,0.032935142517089844
October 18 2018 04:28:49,wall.get,1,0.1167140007019043
October 18 2018 04:28:49,friends.get,1,0.0359041690826416
October 18 2018 04:28:49,wall.get,1,0.1296854019165039
October 18 2018 04:28:49,photos.getAlbums,1,0.0358734130859375
October 18 2018 04:28:51,users.get,80,2.3481879234313965
October 18 2018 04:28:51,friends.getMutual,1,0.03493475914001465
October 18 2018 04:28:52,friends.get,1,0.035889625549316406
October 18 2018 04:28:52,users.get,1,0.03493547439575195
October 18 2018 04:28:52,users.get,1,0.03293943405151367
October 18 2018 04:28:52,friends.getMutual,1,0.04793834686279297
October 18 2018 04:28:52,friends.getMutual,1,0.03686785697937012
October 18 2018 04:28:52,friends.get,1,0.03690075874328613
October 18 2018 04:28:52,users.get,1,0.03493523597717285
October 18 2018 04:28:55,wall.get,89,2.7229578495025635
October 18 2018 04:28:55,friends.getMutual,1,0.03291201591491699
October 18 2018 04:28:55,photos.getAlbums,1,0.03390908241271973
October 18 2018 04:28:55,photos.getAlbums,1,0.03091740608215332
October 18 2018 04:28:55,friends.get,1,0.029919862747192383
October 18 2018 04:28:55,friends.get,1,0.03393435478210449
October 18 2018 04:28:55,wall.get,1,0.12765145301818848
October 18 2018 04:28:55,friends.get,1,0.038895606994628906
October 18 2018 04:28:55,photos.getAlbums,1,0.029918670654296875
October 18 2018 04:28:57,friends.get,83,2.4460511207580566
October 18 2018 04:28:57,users.get,1,0.03092193603515625
End at October 18 2018 04:28:57.,,,
All elapsed time: 431.7238953113556.,Max: 12.369755029678345.,Min: 0.02792501449584961.,Avg: 0.4210929660797119.
